day,date,APIx_aggregate,change_pct,methodology,dataset_type
0,2026-01-01,100.0,0.0,matched_jevons_fixed_base_laspeyres,simulated
1,2026-01-02,100.994,0.994,matched_jevons_fixed_base_laspeyres,simulated
2,2026-01-03,98.274,-2.693,matched_jevons_fixed_base_laspeyres,simulated
3,2026-01-04,95.413,-2.911,matched_jevons_fixed_base_laspeyres,simulated
4,2026-01-05,93.476,-2.03,matched_jevons_fixed_base_laspeyres,simulated
5,2026-01-06,95.093,1.729,matched_jevons_fixed_base_laspeyres,simulated
6,2026-01-07,96.611,1.596,matched_jevons_fixed_base_laspeyres,simulated
7,2026-01-08,101.377,4.933,matched_jevons_fixed_base_laspeyres,simulated
8,2026-01-09,100.546,-0.82,matched_jevons_fixed_base_laspeyres,simulated
9,2026-01-10,99.042,-1.495,matched_jevons_fixed_base_laspeyres,simulated
10,2026-01-11,95.867,-3.206,matched_jevons_fixed_base_laspeyres,simulated
11,2026-01-12,93.462,-2.509,matched_jevons_fixed_base_laspeyres,simulated
12,2026-01-13,95.294,1.96,matched_jevons_fixed_base_laspeyres,simulated
13,2026-01-14,97.881,2.715,matched_jevons_fixed_base_laspeyres,simulated
14,2026-01-15,101.666,3.866,matched_jevons_fixed_base_laspeyres,simulated
15,2026-01-16,102.146,0.473,matched_jevons_fixed_base_laspeyres,simulated
16,2026-01-17,99.866,-2.232,matched_jevons_fixed_base_laspeyres,simulated
17,2026-01-18,96.262,-3.609,matched_jevons_fixed_base_laspeyres,simulated
18,2026-01-19,93.946,-2.406,matched_jevons_fixed_base_laspeyres,simulated
19,2026-01-20,97.114,3.372,matched_jevons_fixed_base_laspeyres,simulated
20,2026-01-21,97.413,0.307,matched_jevons_fixed_base_laspeyres,simulated
21,2026-01-22,101.593,4.291,matched_jevons_fixed_base_laspeyres,simulated
22,2026-01-23,101.771,0.174,matched_jevons_fixed_base_laspeyres,simulated
23,2026-01-24,100.735,-1.018,matched_jevons_fixed_base_laspeyres,simulated
24,2026-01-25,96.497,-4.207,matched_jevons_fixed_base_laspeyres,simulated
25,2026-01-26,94.182,-2.399,matched_jevons_fixed_base_laspeyres,simulated
26,2026-01-27,96.997,2.989,matched_jevons_fixed_base_laspeyres,simulated
27,2026-01-28,97.602,0.623,matched_jevons_fixed_base_laspeyres,simulated
28,2026-01-29,101.095,3.579,matched_jevons_fixed_base_laspeyres,simulated
29,2026-01-30,101.944,0.84,matched_jevons_fixed_base_laspeyres,simulated
30,2026-01-31,98.732,-3.151,matched_jevons_fixed_base_laspeyres,simulated
31,2026-02-01,95.537,-3.236,matched_jevons_fixed_base_laspeyres,simulated
32,2026-02-02,93.621,-2.006,matched_jevons_fixed_base_laspeyres,simulated
33,2026-02-03,95.503,2.01,matched_jevons_fixed_base_laspeyres,simulated
34,2026-02-04,97.423,2.011,matched_jevons_fixed_base_laspeyres,simulated
35,2026-02-05,101.207,3.884,matched_jevons_fixed_base_laspeyres,simulated
36,2026-02-06,101.452,0.242,matched_jevons_fixed_base_laspeyres,simulated
37,2026-02-07,99.462,-1.961,matched_jevons_fixed_base_laspeyres,simulated
38,2026-02-08,95.237,-4.248,matched_jevons_fixed_base_laspeyres,simulated
39,2026-02-09,94.004,-1.295,matched_jevons_fixed_base_laspeyres,simulated
40,2026-02-10,95.594,1.692,matched_jevons_fixed_base_laspeyres,simulated
41,2026-02-11,97.202,1.682,matched_jevons_fixed_base_laspeyres,simulated
42,2026-02-12,100.836,3.739,matched_jevons_fixed_base_laspeyres,simulated
43,2026-02-13,101.595,0.754,matched_jevons_fixed_base_laspeyres,simulated
44,2026-02-14,99.843,-1.725,matched_jevons_fixed_base_laspeyres,simulated
