day,date,aggregate_index_value,change_pct,routes_quoted,advance_windows,strata_observed,sample_type,methodology
0,2022-02-11,100.0,0.0,12,5,60,synthetic_stand_in,matched_jevons_fixed_base_laspeyres
1,2022-02-12,101.055,1.05,12,5,60,synthetic_stand_in,matched_jevons_fixed_base_laspeyres
2,2022-02-13,101.867,0.8,12,5,60,synthetic_stand_in,matched_jevons_fixed_base_laspeyres
3,2022-02-14,103.187,1.3,12,5,60,synthetic_stand_in,matched_jevons_fixed_base_laspeyres
4,2022-02-15,104.033,0.82,12,5,60,synthetic_stand_in,matched_jevons_fixed_base_laspeyres
5,2022-02-16,104.309,0.27,12,5,60,synthetic_stand_in,matched_jevons_fixed_base_laspeyres
6,2022-02-17,104.654,0.33,12,5,60,synthetic_stand_in,matched_jevons_fixed_base_laspeyres
7,2022-02-18,104.26,-0.38,12,5,60,synthetic_stand_in,matched_jevons_fixed_base_laspeyres
8,2022-02-19,105.134,0.84,12,5,60,synthetic_stand_in,matched_jevons_fixed_base_laspeyres
9,2022-02-20,104.711,-0.4,12,5,60,synthetic_stand_in,matched_jevons_fixed_base_laspeyres
10,2022-02-21,104.508,-0.19,12,5,60,synthetic_stand_in,matched_jevons_fixed_base_laspeyres
11,2022-02-22,102.889,-1.55,12,5,60,synthetic_stand_in,matched_jevons_fixed_base_laspeyres
12,2022-02-23,102.625,-0.26,12,5,60,synthetic_stand_in,matched_jevons_fixed_base_laspeyres
13,2022-02-24,101.01,-1.57,12,5,60,synthetic_stand_in,matched_jevons_fixed_base_laspeyres
14,2022-02-25,99.709,-1.29,12,5,60,synthetic_stand_in,matched_jevons_fixed_base_laspeyres
15,2022-02-26,98.598,-1.11,12,5,60,synthetic_stand_in,matched_jevons_fixed_base_laspeyres
16,2022-02-27,97.73,-0.88,12,5,60,synthetic_stand_in,matched_jevons_fixed_base_laspeyres
17,2022-02-28,96.587,-1.17,12,5,60,synthetic_stand_in,matched_jevons_fixed_base_laspeyres
18,2022-03-01,96.157,-0.44,12,5,60,synthetic_stand_in,matched_jevons_fixed_base_laspeyres
19,2022-03-02,95.563,-0.62,12,5,60,synthetic_stand_in,matched_jevons_fixed_base_laspeyres
20,2022-03-03,95.44,-0.13,12,5,60,synthetic_stand_in,matched_jevons_fixed_base_laspeyres
21,2022-03-04,94.845,-0.62,12,5,60,synthetic_stand_in,matched_jevons_fixed_base_laspeyres
22,2022-03-05,95.0,0.16,12,5,60,synthetic_stand_in,matched_jevons_fixed_base_laspeyres
23,2022-03-06,94.773,-0.24,12,5,60,synthetic_stand_in,matched_jevons_fixed_base_laspeyres
24,2022-03-07,95.942,1.23,12,5,60,synthetic_stand_in,matched_jevons_fixed_base_laspeyres
25,2022-03-08,96.945,1.05,12,5,60,synthetic_stand_in,matched_jevons_fixed_base_laspeyres
26,2022-03-09,97.818,0.9,12,5,60,synthetic_stand_in,matched_jevons_fixed_base_laspeyres
27,2022-03-10,98.616,0.82,12,5,60,synthetic_stand_in,matched_jevons_fixed_base_laspeyres
28,2022-03-11,100.01,1.41,12,5,60,synthetic_stand_in,matched_jevons_fixed_base_laspeyres
29,2022-03-12,100.883,0.87,12,5,60,synthetic_stand_in,matched_jevons_fixed_base_laspeyres
30,2022-03-13,102.044,1.15,12,5,60,synthetic_stand_in,matched_jevons_fixed_base_laspeyres
31,2022-03-14,103.108,1.04,12,5,60,synthetic_stand_in,matched_jevons_fixed_base_laspeyres
32,2022-03-15,103.659,0.53,12,5,60,synthetic_stand_in,matched_jevons_fixed_base_laspeyres
33,2022-03-16,104.768,1.07,12,5,60,synthetic_stand_in,matched_jevons_fixed_base_laspeyres
34,2022-03-17,105.223,0.43,12,5,60,synthetic_stand_in,matched_jevons_fixed_base_laspeyres
35,2022-03-18,104.959,-0.25,12,5,60,synthetic_stand_in,matched_jevons_fixed_base_laspeyres
36,2022-03-19,104.359,-0.57,12,5,60,synthetic_stand_in,matched_jevons_fixed_base_laspeyres
37,2022-03-20,104.142,-0.21,12,5,60,synthetic_stand_in,matched_jevons_fixed_base_laspeyres
38,2022-03-21,103.065,-1.03,12,5,60,synthetic_stand_in,matched_jevons_fixed_base_laspeyres
39,2022-03-22,103.085,0.02,12,5,60,synthetic_stand_in,matched_jevons_fixed_base_laspeyres
40,2022-03-23,102.259,-0.8,12,5,60,synthetic_stand_in,matched_jevons_fixed_base_laspeyres
41,2022-03-24,100.929,-1.3,12,5,60,synthetic_stand_in,matched_jevons_fixed_base_laspeyres
42,2022-03-25,99.602,-1.31,12,5,60,synthetic_stand_in,matched_jevons_fixed_base_laspeyres
43,2022-03-26,98.642,-0.96,12,5,60,synthetic_stand_in,matched_jevons_fixed_base_laspeyres
44,2022-03-27,97.801,-0.85,12,5,60,synthetic_stand_in,matched_jevons_fixed_base_laspeyres
45,2022-03-28,97.242,-0.57,12,5,60,synthetic_stand_in,matched_jevons_fixed_base_laspeyres
46,2022-03-29,96.385,-0.88,12,5,60,synthetic_stand_in,matched_jevons_fixed_base_laspeyres
47,2022-03-30,95.454,-0.97,12,5,60,synthetic_stand_in,matched_jevons_fixed_base_laspeyres
48,2022-03-31,95.107,-0.36,12,5,60,synthetic_stand_in,matched_jevons_fixed_base_laspeyres
49,2022-04-01,94.941,-0.17,12,5,60,synthetic_stand_in,matched_jevons_fixed_base_laspeyres
