origin_iata,destination_iata,origin_city,destination_city,row_type,distance_km,fare_1,fare_2,fare_3,fare_4,fare_5,fare_6,fare_7,fare_8,fare_9,fare_10,fare_11,fare_12,fare_13,fare_14,fare_15,fare_16,fare_17,fare_18,fare_19,fare_20,fare_21
BLR,MAA,Bengaluru,Chennai,Maximum,272,3150.0,,3650.0,4000.0,4390.0,4820.0,5290.0,5800.0,6370.0,6990.0,7670.0,8080.0,8870.0,9570.0,10240.0,11230.0,12000.0,12580.0,13550.0,14310.0,15740.0
BLR,MAA,Bengaluru,Chennai,Minimum,272,1480.0,,1960.0,2160.0,2370.0,2610.0,2870.0,3160.0,3470.0,3820.0,4200.0,4620.0,5080.0,5590.0,6150.0,6760.0,7440.0,8180.0,9000.0,9900.0,10890.0
BLR,DEL,Bengaluru,Delhi,Maximum,1738,5850.0,,9070.0,9280.0,9810.0,10470.0,11380.0,12080.0,12830.0,13620.0,14460.0,15350.0,16290.0,17300.0,18360.0,19500.0,20700.0,21970.0,23320.0,24760.0,27230.0
BLR,DEL,Bengaluru,Delhi,Minimum,1738,1890.0,,3910.0,4300.0,4760.0,4970.0,5310.0,5660.0,6050.0,6450.0,6890.0,7350.0,7850.0,8380.0,8940.0,9540.0,10180.0,10870.0,11600.0,12380.0,13620.0
BLR,HYD,Bengaluru,Hyderabad,Maximum,484,810.0,,3810.0,4170.0,4570.0,5000.0,5470.0,5990.0,6560.0,7180.0,7860.0,8610.0,9420.0,10320.0,11300.0,12370.0,13540.0,14830.0,16230.0,17780.0,19550.0
BLR,HYD,Bengaluru,Hyderabad,Minimum,484,810.0,,1370.0,1510.0,1660.0,1830.0,2020.0,2230.0,2460.0,2710.0,2990.0,3300.0,3640.0,4020.0,4430.0,4880.0,5390.0,5940.0,6550.0,7230.0,7950.0
BLR,BOM,Bengaluru,Mumbai,Maximum,854,6840.0,,7330.0,7910.0,8550.0,9250.0,10020.0,10870.0,11810.0,12830.0,13960.0,15200.0,16570.0,18070.0,19720.0,21530.0,23520.0,25710.0,28120.0,30770.0,33840.0
BLR,BOM,Bengaluru,Mumbai,Minimum,854,980.0,,1470.0,1640.0,1830.0,2050.0,2290.0,2560.0,2860.0,3200.0,3580.0,4000.0,4470.0,5000.0,5590.0,6250.0,6990.0,7810.0,8740.0,9770.0,10740.0
DEL,MAA,Delhi,Chennai,Maximum,1761,7710.0,,8860.0,9270.0,9870.0,10430.0,10910.0,11700.0,12540.0,13450.0,14440.0,15500.0,16650.0,17890.0,19220.0,20670.0,22220.0,23910.0,25720.0,27150.0,29860.0
DEL,MAA,Delhi,Chennai,Minimum,1761,2440.0,,3520.0,3840.0,4250.0,4570.0,4950.0,5350.0,5840.0,6320.0,6830.0,7370.0,7970.0,8610.0,9300.0,10040.0,10850.0,11720.0,12660.0,13670.0,15040.0
DEL,GOI,Delhi,Goa,Maximum,1504,4880.0,,7720.0,7810.0,8010.0,8300.0,8600.0,8890.0,9180.0,9670.0,10160.0,10840.0,11530.0,12400.0,13280.0,14360.0,15530.0,16800.0,18070.0,18560.0,20410.0
DEL,GOI,Delhi,Goa,Minimum,1504,930.0,,1470.0,3010.0,3400.0,3820.0,4010.0,4310.0,4600.0,4890.0,5280.0,5680.0,6200.0,6740.0,7460.0,8270.0,9260.0,10330.0,11410.0,18560.0,20410.0
DEL,HYD,Delhi,Hyderabad,Maximum,1268,7310.0,,8990.0,9580.0,10030.0,10560.0,11080.0,11740.0,12400.0,13190.0,13990.0,15040.0,16370.0,17710.0,19020.0,20410.0,21790.0,23570.0,24960.0,26700.0,29370.0
DEL,HYD,Delhi,Hyderabad,Minimum,1268,1470.0,,1960.0,2100.0,2250.0,2440.0,2640.0,2880.0,3130.0,3420.0,3710.0,4010.0,4450.0,6910.0,7730.0,8590.0,9370.0,10190.0,11180.0,12230.0,13450.0
CCU,DEL,Kolkata,Delhi,Maximum,1313,,,8790.0,8910.0,9150.0,9540.0,9930.0,10320.0,10420.0,11010.0,11590.0,12370.0,13150.0,14030.0,15010.0,16080.0,17350.0,18820.0,19730.0,19920.0,21920.0
CCU,DEL,Kolkata,Delhi,Minimum,1313,,,3330.0,3500.0,3600.0,3880.0,4150.0,4420.0,4830.0,5240.0,5650.0,6200.0,6750.0,7360.0,8050.0,8800.0,9690.0,10710.0,11940.0,13950.0,15340.0
BOM,MAA,Mumbai,Chennai,Maximum,1034,5500.0,,5990.0,6360.0,6850.0,7340.0,7950.0,8560.0,9410.0,10270.0,11120.0,11610.0,12550.0,13380.0,14050.0,15170.0,15870.0,16410.0,17340.0,17730.0,19500.0
BOM,MAA,Mumbai,Chennai,Minimum,1034,2770.0,,3260.0,3460.0,3740.0,4010.0,4350.0,4690.0,5170.0,5650.0,6130.0,6680.0,7220.0,7840.0,8450.0,9140.0,9820.0,10640.0,11460.0,12310.0,13540.0
BOM,DEL,Mumbai,Delhi,Maximum,1138,6840.0,,7330.0,7620.0,7910.0,8300.0,8700.0,9180.0,9670.0,10160.0,10650.0,11240.0,11820.0,12700.0,13680.0,14650.0,15630.0,16610.0,18560.0,20520.0,22570.0
BOM,DEL,Mumbai,Delhi,Minimum,1138,3420.0,,3910.0,4200.0,4490.0,4880.0,5280.0,5600.0,5940.0,6330.0,6820.0,7410.0,8090.0,8790.0,9380.0,9960.0,10750.0,11720.0,13680.0,15630.0,17200.0
BOM,GOI,Mumbai,Goa,Maximum,425,970.0,,6350.0,6540.0,6740.0,7030.0,7330.0,7620.0,8010.0,8400.0,8790.0,9280.0,9770.0,10360.0,11040.0,11820.0,12700.0,13680.0,14750.0,14950.0,16440.0
BOM,GOI,Mumbai,Goa,Minimum,425,440.0,,980.0,1370.0,1760.0,2250.0,2740.0,3140.0,3320.0,3550.0,3730.0,3950.0,4180.0,4540.0,4900.0,5350.0,5890.0,6610.0,7510.0,13750.0,15120.0
BOM,CCU,Mumbai,Kolkata,Maximum,1665,4530.0,,8610.0,9180.0,9840.0,10500.0,11320.0,12140.0,13120.0,14110.0,15260.0,16400.0,17720.0,19200.0,18660.0,20130.0,21590.0,23060.0,25010.0,26970.0,29660.0
BOM,CCU,Mumbai,Kolkata,Minimum,1665,1850.0,,2830.0,3020.0,3250.0,3490.0,3780.0,4070.0,4430.0,4780.0,5190.0,5600.0,6070.0,6600.0,7180.0,7820.0,8470.0,9180.0,10050.0,10430.0,11480.0
